Name,Link
British Ecological Society,https://www.britishecologicalsociety.org/
Functional Ecology,https://besjournals.onlinelibrary.wiley.com/journal/13652435
Australian Bureau of Agricultural and Resource Economics and Sciences (ABARES),https://www.agriculture.gov.au/abares
Hawkesbury Institute for the Environment,http://westernsydney.edu.au/hie
The New Zealand Ecological Society,https://newzealandecology.org/
Fire Centre Research Hub,https://firecentre.org.au/
Reclaim Kosci,https://reclaimkosci.org.au/
Tilhill Forestry,https://www.tilhill.com/
Our World in Data,https://ourworldindata.org/
"Society for Open, Reliable, and Transparent Ecology and Evolutionary Biology (SORTEE)",https://www.sortee.org/
Bush Heritage Australia,https://www.bushheritage.org.au/
Forest Fire Management Victoria,https://www.ffm.vic.gov.au/
Society for Conservation Biology,https://conbio.org/mini-sites/iccb-2025/
